workload,kind,n,t_ratio,ic_std,ic_mac,correct,cpu_std,cpu_mac,speedup
B1,full_range,64,1.0,512,448,True,512.0,448.0,1.1428571428571428
B1,full_range,256,1.0,2048,1792,True,2048.0,1792.0,1.1428571428571428
B1,full_range,1024,1.0,8192,7168,True,8192.0,7168.0,1.1428571428571428
B2,int8,64,1.0,512,448,True,512.0,448.0,1.1428571428571428
B2,int8,256,1.0,2048,1792,True,2048.0,1792.0,1.1428571428571428
B2,int8,1024,1.0,8192,7168,True,8192.0,7168.0,1.1428571428571428
B3,edge,64,1.0,512,448,True,512.0,448.0,1.1428571428571428
B1,full_range,64,1.1,512,448,True,512.0,492.80000000000007,1.0389610389610389
B1,full_range,256,1.1,2048,1792,True,2048.0,1971.2000000000003,1.0389610389610389
B1,full_range,1024,1.1,8192,7168,True,8192.0,7884.800000000001,1.0389610389610389
B2,int8,64,1.1,512,448,True,512.0,492.80000000000007,1.0389610389610389
B2,int8,256,1.1,2048,1792,True,2048.0,1971.2000000000003,1.0389610389610389
B2,int8,1024,1.1,8192,7168,True,8192.0,7884.800000000001,1.0389610389610389
B3,edge,64,1.1,512,448,True,512.0,492.80000000000007,1.0389610389610389
B1,full_range,64,1.2,512,448,True,512.0,537.6,0.9523809523809523
B1,full_range,256,1.2,2048,1792,True,2048.0,2150.4,0.9523809523809523
B1,full_range,1024,1.2,8192,7168,True,8192.0,8601.6,0.9523809523809523
B2,int8,64,1.2,512,448,True,512.0,537.6,0.9523809523809523
B2,int8,256,1.2,2048,1792,True,2048.0,2150.4,0.9523809523809523
B2,int8,1024,1.2,8192,7168,True,8192.0,8601.6,0.9523809523809523
B3,edge,64,1.2,512,448,True,512.0,537.6,0.9523809523809523
